dataset,manuscript_table,query,target,method,r_at_1_percent,r_at_5_percent
DSR,IV,Text,Image,Uni-Retrieval,82.3,97.4
DSR,IV,Sketch,Image,Uni-Retrieval,82.7,98.9
DSR,IV,Art,Image,Uni-Retrieval,75.1,98.0
DSR,IV,Low-resolution,Image,Uni-Retrieval,91.2,98.6
DSR,IV,Text,Image,Uni-RAG,84.0,98.2
DSR,IV,Sketch,Image,Uni-RAG,84.5,99.4
DSR,IV,Art,Image,Uni-RAG,77.6,99.1
DSR,IV,Low-resolution,Image,Uni-RAG,91.3,99.4
ImageNet-X,IV,Text,Image,Uni-Retrieval,73.9,95.7
ImageNet-X,IV,Sketch,Image,Uni-Retrieval,70.6,92.5
ImageNet-X,IV,Art,Image,Uni-Retrieval,65.3,88.4
ImageNet-X,IV,Low-resolution,Image,Uni-Retrieval,78.6,97.0
ImageNet-X,IV,Text,Image,Uni-RAG,74.4,96.5
ImageNet-X,IV,Sketch,Image,Uni-RAG,72.3,94.6
ImageNet-X,IV,Art,Image,Uni-RAG,67.0,91.2
ImageNet-X,IV,Low-resolution,Image,Uni-RAG,80.5,97.9
DomainNet,IV,Text,Image,Uni-Retrieval,70.7,96.0
DomainNet,IV,Sketch,Image,Uni-Retrieval,77.6,94.1
DomainNet,IV,Art,Image,Uni-Retrieval,73.4,92.9
DomainNet,IV,Low-resolution,Image,Uni-Retrieval,,
DomainNet,IV,Text,Image,Uni-RAG,71.2,96.4
DomainNet,IV,Sketch,Image,Uni-RAG,79.3,96.5
DomainNet,IV,Art,Image,Uni-RAG,75.0,94.5
DomainNet,IV,Low-resolution,Image,Uni-RAG,,
SketchCOCO,IV,Text,Image,Uni-Retrieval,34.7,71.6
SketchCOCO,IV,Sketch,Image,Uni-Retrieval,30.2,60.4
SketchCOCO,IV,Art,Image,Uni-Retrieval,,
SketchCOCO,IV,Low-resolution,Image,Uni-Retrieval,,
SketchCOCO,IV,Text,Image,Uni-RAG,35.0,72.2
SketchCOCO,IV,Sketch,Image,Uni-RAG,30.6,61.3
SketchCOCO,IV,Art,Image,Uni-RAG,,
SketchCOCO,IV,Low-resolution,Image,Uni-RAG,,
